ride_id,driver_id,distance_km,fare_usd,ride_list,city,timestamp
1,1047,21.50585810545828,7.365510698135114,pool,Nairobi,2025-01-01 00:01:00
2,1016,1.1090551267308881,66.33901350547845,pool,Toronto,2025-01-01 00:02:00
3,1033,10.251590017158593,20.165858381182268,standard,Lima,2025-01-01 00:03:00
4,1031,19.055560221291966,45.94508447821691,premium,Lima,2025-01-01 00:04:00
5,1000,29.015402307335222,69.88247300530979,pool,Nairobi,2025-01-01 00:05:00
6,1020,10.139096224279875,24.992222222073686,standard,Toronto,2025-01-01 00:06:00
7,1043,13.528845812776064,32.79184635372245,standard,Lima,2025-01-01 00:07:00
8,1038,3.1412638933531998,52.72686320047562,pool,Seoul,2025-01-01 00:08:00
9,1047,26.68097907228672,48.63745570322099,standard,Lima,2025-01-01 00:09:00
10,1017,9.96983261245518,39.558164510896844,pool,Seoul,2025-01-01 00:10:00
11,1024,17.23127255056267,35.58947597365592,pool,Nairobi,2025-01-01 00:11:00
12,1013,23.10888976225513,27.86778331701133,standard,Berlin,2025-01-01 00:12:00
13,1027,2.5013562558153577,25.762127610729582,standard,Lima,2025-01-01 00:13:00
14,1035,10.629922281547858,25.433294459253222,pool,Nairobi,2025-01-01 00:14:00
15,1009,19.26189166236996,19.611051049115538,standard,Seoul,2025-01-01 00:15:00
16,1018,16.384784206838784,64.42388037926045,standard,Toronto,2025-01-01 00:16:00
17,1008,23.28156819363133,69.98348570498794,pool,Seoul,2025-01-01 00:17:00
18,1042,19.248117476736837,60.092766399039,standard,Nairobi,2025-01-01 00:18:00
19,1033,8.480718733076133,23.36952792732591,standard,Nairobi,2025-01-01 00:19:00
20,1017,28.032091098369328,43.061799343630135,pool,Lima,2025-01-01 00:20:00
21,1002,18.478722583342265,8.473021168901877,standard,Lima,2025-01-01 00:21:00
22,1038,25.833088695142727,11.99924348854676,premium,Toronto,2025-01-01 00:22:00
23,1029,14.542177352636536,53.589528198148265,standard,Nairobi,2025-01-01 00:23:00
24,1007,12.608134030289706,30.370142179925704,pool,Nairobi,2025-01-01 00:24:00
25,1009,12.125728508066793,54.446132017127724,standard,Lima,2025-01-01 00:25:00
26,1035,6.5903849416743725,34.432574359742986,standard,Seoul,2025-01-01 00:26:00
27,1027,29.66127267065614,32.88047007211201,pool,Toronto,2025-01-01 00:27:00
28,1001,21.59216925316808,8.882248550842181,standard,Nairobi,2025-01-01 00:28:00
29,1031,18.861359990186983,66.39903317499221,premium,Seoul,2025-01-01 00:29:00
30,1042,1.0821737705918255,41.46564391983925,pool,Lima,2025-01-01 00:30:00
31,1015,7.032785919864284,43.55624938576481,standard,Berlin,2025-01-01 00:31:00
32,1031,11.210499489032678,63.096325480642484,pool,Seoul,2025-01-01 00:32:00
33,1014,23.082760563217917,71.05844270128101,pool,Berlin,2025-01-01 00:33:00
34,1017,6.907172919757088,52.71795618318259,premium,Nairobi,2025-01-01 00:34:00
35,1002,11.286015638949957,51.34684172347436,pool,Nairobi,2025-01-01 00:35:00
36,1028,27.028508469682595,61.81504098158248,premium,Seoul,2025-01-01 00:36:00
37,1047,7.345242941159843,24.964950835165006,pool,Toronto,2025-01-01 00:37:00
38,1039,24.58288572971674,59.40387814763832,premium,Lima,2025-01-01 00:38:00
39,1049,4.214286882805982,11.47945651685214,standard,Lima,2025-01-01 00:39:00
40,1025,28.124787883787153,11.005087186708202,pool,Berlin,2025-01-01 00:40:00
41,1036,13.726909626794676,30.350888990290308,standard,Seoul,2025-01-01 00:41:00
42,1033,15.61270673852573,13.373643444188708,standard,Berlin,2025-01-01 00:42:00
43,1021,9.057628374593545,60.94824385245877,standard,Seoul,2025-01-01 00:43:00
44,1034,1.6044439917035684,60.26332234865296,standard,Berlin,2025-01-01 00:44:00
45,1002,25.561671900253035,37.14885692526418,standard,Toronto,2025-01-01 00:45:00
46,1049,21.329448148532272,8.56203260707808,standard,Seoul,2025-01-01 00:46:00
47,1010,14.167540321025626,47.34952085978995,standard,Toronto,2025-01-01 00:47:00
48,1035,24.77781626807999,25.90602400378019,standard,Nairobi,2025-01-01 00:48:00
49,1007,4.969458438433726,8.392988160918437,pool,Lima,2025-01-01 00:49:00
50,1036,25.207745625868714,73.69597242609225,premium,Nairobi,2025-01-01 00:50:00
51,1015,17.886820441805998,39.29526677062654,pool,Lima,2025-01-01 00:51:00
52,1026,18.70355778230265,64.42561776609315,premium,Lima,2025-01-01 00:52:00
53,1011,26.84581143695236,7.489467436898138,premium,Seoul,2025-01-01 00:53:00
54,1012,2.79656634023328,50.57871959184425,pool,Toronto,2025-01-01 00:54:00
55,1018,16.030999230491958,61.0883326843722,pool,Nairobi,2025-01-01 00:55:00
56,1003,15.934124272671728,73.89636816148571,pool,Berlin,2025-01-01 00:56:00
57,1015,29.872733979367954,59.333620459915494,standard,Nairobi,2025-01-01 00:57:00
58,1014,7.555527909334603,18.416150186287986,pool,Seoul,2025-01-01 00:58:00
59,1010,6.529472411279699,14.911486447498401,standard,Toronto,2025-01-01 00:59:00
60,1028,27.071745127783533,27.984551022963267,standard,Berlin,2025-01-01 01:00:00
61,1032,27.699551961613643,12.214064478181598,pool,Seoul,2025-01-01 01:01:00
62,1028,27.63580991109325,63.5149272654668,premium,Seoul,2025-01-01 01:02:00
63,1014,25.520284304725223,52.11212877171725,standard,Berlin,2025-01-01 01:03:00
64,1037,17.054989749680956,55.56835138547232,standard,Nairobi,2025-01-01 01:04:00
65,1024,11.978141764671083,21.372746786519134,premium,Nairobi,2025-01-01 01:05:00
66,1002,18.986223183963585,13.947745178119822,pool,Seoul,2025-01-01 01:06:00
67,1014,26.14393690160622,45.1525531247584,standard,Toronto,2025-01-01 01:07:00
68,1024,12.248857110728718,20.181789454283226,pool,Seoul,2025-01-01 01:08:00
69,1043,23.877112286207968,6.898406401682503,premium,Nairobi,2025-01-01 01:09:00
70,1032,20.90160128290876,40.34155840815406,premium,Seoul,2025-01-01 01:10:00
71,1003,15.334804108944265,65.10741650021545,standard,Seoul,2025-01-01 01:11:00
72,1044,27.7411823469687,14.757866822755627,pool,Lima,2025-01-01 01:12:00
73,1047,6.358417462020724,8.859711115731912,pool,Berlin,2025-01-01 01:13:00
74,1027,6.241301071077409,21.472262242863657,pool,Toronto,2025-01-01 01:14:00
75,1042,23.051057117025813,5.2804165671823124,premium,Toronto,2025-01-01 01:15:00
76,1024,3.877049775987352,23.32912313177065,premium,Seoul,2025-01-01 01:16:00
77,1041,24.874270002267373,24.752364712608863,premium,Toronto,2025-01-01 01:17:00
78,1028,4.501245652026959,16.603596314071513,premium,Nairobi,2025-01-01 01:18:00
79,1037,22.344578607297187,43.02468107818273,standard,Seoul,2025-01-01 01:19:00
80,1013,11.59361628304794,73.83585032771087,premium,Seoul,2025-01-01 01:20:00
81,1002,12.293058672169055,7.568048172921985,premium,Lima,2025-01-01 01:21:00
82,1005,4.185189446968965,66.14411130786549,pool,Lima,2025-01-01 01:22:00
83,1045,12.767055406961632,56.85851756754957,standard,Nairobi,2025-01-01 01:23:00
84,1001,25.068436975210272,56.74729487771102,standard,Berlin,2025-01-01 01:24:00
85,1023,14.373263060754937,54.726111744645046,pool,Seoul,2025-01-01 01:25:00
86,1017,20.07139188372358,31.64102862592589,pool,Nairobi,2025-01-01 01:26:00
87,1044,10.451028634369395,35.2758956202853,standard,Nairobi,2025-01-01 01:27:00
88,1043,9.914513748923452,61.34667245496059,standard,Toronto,2025-01-01 01:28:00
89,1005,17.040124742457404,46.396746557922775,pool,Toronto,2025-01-01 01:29:00
90,1006,8.569273091639388,62.86025255864994,pool,Nairobi,2025-01-01 01:30:00
91,1023,27.160486744383682,47.106022789620376,premium,Berlin,2025-01-01 01:31:00
92,1048,19.17490439888633,23.793119871552975,standard,Nairobi,2025-01-01 01:32:00
93,1020,29.208733546273365,73.87706517737851,premium,Nairobi,2025-01-01 01:33:00
94,1017,8.339253167162026,60.691186050174466,standard,Lima,2025-01-01 01:34:00
95,1048,6.580322246545468,22.854752854204488,standard,Nairobi,2025-01-01 01:35:00
96,1021,16.55200165782602,15.011747143479766,standard,Nairobi,2025-01-01 01:36:00
97,1047,20.754005983669902,50.12024621768501,pool,Lima,2025-01-01 01:37:00
98,1045,1.3966572908858823,52.24992161262327,premium,Berlin,2025-01-01 01:38:00
99,1028,2.1879851788901403,24.027241120621674,standard,Toronto,2025-01-01 01:39:00
100,1043,3.6452086049591417,7.663092470753698,premium,Seoul,2025-01-01 01:40:00
101,1008,11.778477388656885,22.97493654847155,premium,Lima,2025-01-01 01:41:00
102,1033,28.363605058003195,56.44503238140684,pool,Nairobi,2025-01-01 01:42:00
103,1024,26.398023058003577,26.376449512119965,standard,Lima,2025-01-01 01:43:00
104,1002,1.333703979158353,54.065944056310556,premium,Toronto,2025-01-01 01:44:00
105,1041,22.28178145763457,48.899313285886905,premium,Seoul,2025-01-01 01:45:00
106,1034,13.980054010610598,49.81074468540764,premium,Toronto,2025-01-01 01:46:00
107,1009,3.0174231451098774,16.816253974024917,pool,Toronto,2025-01-01 01:47:00
108,1000,21.302175210403988,33.897051208020514,pool,Nairobi,2025-01-01 01:48:00
109,1041,23.91719728972742,19.73618197832967,premium,Seoul,2025-01-01 01:49:00
110,1047,17.045404131542472,22.094920604399096,premium,Lima,2025-01-01 01:50:00
111,1020,23.986705570231248,8.507136397119542,premium,Toronto,2025-01-01 01:51:00
112,1004,10.566702592223715,13.769876248977496,premium,Berlin,2025-01-01 01:52:00
113,1038,28.785656960143193,36.4239079244323,premium,Seoul,2025-01-01 01:53:00
114,1039,5.245912775946794,43.94586922482642,standard,Seoul,2025-01-01 01:54:00
115,1039,10.575071399889044,34.76161548708818,standard,Toronto,2025-01-01 01:55:00
116,1008,26.34178422179319,62.6501966648821,standard,Seoul,2025-01-01 01:56:00
117,1037,23.01061062342983,57.45452242446149,standard,Berlin,2025-01-01 01:57:00
118,1027,2.48119301093822,42.700821261826206,pool,Toronto,2025-01-01 01:58:00
119,1027,15.757359208970811,67.81994594444822,standard,Lima,2025-01-01 01:59:00
120,1046,1.707823266807909,41.282134415082744,pool,Lima,2025-01-01 02:00:00
121,1021,28.30951291713611,17.792686477575366,standard,Berlin,2025-01-01 02:01:00
122,1010,9.679515192325294,72.95791425391064,standard,Toronto,2025-01-01 02:02:00
123,1031,27.428960486842346,64.44067510822053,premium,Nairobi,2025-01-01 02:03:00
124,1009,17.284239253212096,8.397555526631013,premium,Lima,2025-01-01 02:04:00
125,1045,4.768358992749559,50.007473669869455,premium,Nairobi,2025-01-01 02:05:00
126,1018,10.554403532017586,23.816166135997232,pool,Lima,2025-01-01 02:06:00
127,1043,12.078956584241757,51.040543597816296,pool,Toronto,2025-01-01 02:07:00
128,1008,7.676223403593864,51.530987288708616,standard,Toronto,2025-01-01 02:08:00
129,1035,24.058267218886783,64.74411309340975,premium,Seoul,2025-01-01 02:09:00
130,1023,19.139607313156244,57.320881990666614,pool,Nairobi,2025-01-01 02:10:00
131,1047,28.871970760915737,61.313717064817794,standard,Berlin,2025-01-01 02:11:00
132,1044,24.89878438622276,55.59164924117934,premium,Toronto,2025-01-01 02:12:00
133,1036,12.878150335588867,25.41558046793549,standard,Seoul,2025-01-01 02:13:00
134,1016,24.317172579531764,32.86461339179137,premium,Seoul,2025-01-01 02:14:00
135,1001,20.110275094366887,55.08982503445901,standard,Toronto,2025-01-01 02:15:00
136,1044,14.985513171698967,56.3936193428889,standard,Berlin,2025-01-01 02:16:00
137,1005,26.08579661138102,74.7354637751274,premium,Berlin,2025-01-01 02:17:00
138,1017,6.125793028122914,37.926695468241775,pool,Toronto,2025-01-01 02:18:00
139,1041,17.630696898922253,44.29267727792994,standard,Nairobi,2025-01-01 02:19:00
140,1032,23.0835220414886,64.99561317050264,pool,Nairobi,2025-01-01 02:20:00
141,1033,25.636834260368385,52.16506649561049,standard,Berlin,2025-01-01 02:21:00
142,1035,29.15432538436998,60.47538864866302,standard,Toronto,2025-01-01 02:22:00
143,1048,8.864167268397107,36.08882690100356,premium,Seoul,2025-01-01 02:23:00
144,1029,2.476698719175375,33.62157313716398,premium,Seoul,2025-01-01 02:24:00
145,1016,7.926056247158588,30.620027242953924,premium,Nairobi,2025-01-01 02:25:00
146,1038,2.2899272599657117,73.94587075068735,pool,Lima,2025-01-01 02:26:00
147,1043,29.398236665094096,6.4769365253324676,premium,Nairobi,2025-01-01 02:27:00
148,1032,18.81821823374426,66.89132188074029,pool,Seoul,2025-01-01 02:28:00
149,1005,17.842646195342535,63.84595468243245,pool,Toronto,2025-01-01 02:29:00
150,1046,13.168270663138534,67.05138460369422,standard,Lima,2025-01-01 02:30:00
151,1033,17.962408045680174,41.41493396185768,pool,Toronto,2025-01-01 02:31:00
152,1006,17.92807588063203,33.45991198280485,premium,Lima,2025-01-01 02:32:00
153,1039,11.71830807596406,6.875249886223421,pool,Nairobi,2025-01-01 02:33:00
154,1019,14.827326054663335,6.2135603030508815,standard,Lima,2025-01-01 02:34:00
155,1000,5.12581539013039,8.04885747451727,pool,Seoul,2025-01-01 02:35:00
156,1043,7.279136282826331,45.196438988983296,pool,Berlin,2025-01-01 02:36:00
157,1024,21.98143338011562,5.28878631549917,pool,Toronto,2025-01-01 02:37:00
158,1010,9.456263331429584,46.31152743878033,premium,Berlin,2025-01-01 02:38:00
159,1045,25.829897574497693,41.335840721805646,standard,Berlin,2025-01-01 02:39:00
160,1027,26.824072897237485,51.20761160696024,pool,Berlin,2025-01-01 02:40:00
161,1009,5.124543771993254,23.81302247647615,premium,Seoul,2025-01-01 02:41:00
162,1041,2.604069164378221,74.41753936122363,pool,Seoul,2025-01-01 02:42:00
163,1022,24.689254152016606,48.75674153517389,standard,Toronto,2025-01-01 02:43:00
164,1004,7.255346633152145,43.72891516205799,premium,Toronto,2025-01-01 02:44:00
165,1017,20.217032819108734,44.336712803075805,pool,Nairobi,2025-01-01 02:45:00
166,1018,28.496766842209748,15.836586952275027,pool,Toronto,2025-01-01 02:46:00
167,1018,25.251874534102644,18.960349365378892,premium,Seoul,2025-01-01 02:47:00
168,1017,4.846298727125983,10.665183928310922,standard,Nairobi,2025-01-01 02:48:00
169,1001,12.274185370640357,40.5533028566973,standard,Seoul,2025-01-01 02:49:00
170,1041,3.8091069037716716,51.855607825946855,pool,Toronto,2025-01-01 02:50:00
171,1007,26.98964011549218,11.676920437267508,standard,Lima,2025-01-01 02:51:00
172,1015,26.246637389434124,25.930901355545338,standard,Seoul,2025-01-01 02:52:00
173,1038,4.885516933508312,7.385892608748261,premium,Lima,2025-01-01 02:53:00
174,1020,3.2045792898328713,19.868583652471443,standard,Berlin,2025-01-01 02:54:00
175,1009,1.0049617147422325,49.83181182403376,premium,Nairobi,2025-01-01 02:55:00
176,1045,28.377315034535105,54.58502112232119,pool,Berlin,2025-01-01 02:56:00
177,1037,28.387216342578448,30.683420651158084,premium,Nairobi,2025-01-01 02:57:00
178,1001,14.366738194906242,63.54145676512505,pool,Berlin,2025-01-01 02:58:00
179,1002,19.60634151088593,43.46431083031301,pool,Lima,2025-01-01 02:59:00
180,1021,10.16603878012137,60.24784704254066,standard,Toronto,2025-01-01 03:00:00
181,1047,8.597097363241598,47.79718600116172,premium,Seoul,2025-01-01 03:01:00
182,1021,28.73083486475268,31.686499862408787,standard,Toronto,2025-01-01 03:02:00
183,1008,18.078756852536074,30.080917483860414,premium,Lima,2025-01-01 03:03:00
184,1016,21.69756763548051,6.579217897193779,standard,Nairobi,2025-01-01 03:04:00
185,1004,27.65080161440081,53.59427597796904,standard,Seoul,2025-01-01 03:05:00
186,1028,15.1973101376872,8.108211765665676,premium,Lima,2025-01-01 03:06:00
187,1046,22.576443900691217,68.85443961269833,standard,Toronto,2025-01-01 03:07:00
188,1025,10.76584378721666,64.52536304249716,premium,Toronto,2025-01-01 03:08:00
189,1032,14.33836161557697,34.03765120702078,standard,Nairobi,2025-01-01 03:09:00
190,1000,28.71511428090775,32.08398577739621,premium,Seoul,2025-01-01 03:10:00
191,1026,20.129124124252215,67.08779347969906,premium,Toronto,2025-01-01 03:11:00
192,1047,19.294085125892966,13.959500953298022,premium,Seoul,2025-01-01 03:12:00
193,1025,25.39072335660862,5.257546239175498,premium,Nairobi,2025-01-01 03:13:00
194,1013,22.297895439521582,25.824166153287457,premium,Seoul,2025-01-01 03:14:00
195,1029,20.822222870741857,31.557289194968206,pool,Seoul,2025-01-01 03:15:00
196,1004,26.01347603902646,6.450914373125443,pool,Berlin,2025-01-01 03:16:00
197,1000,21.80757374846087,67.17939928747352,standard,Toronto,2025-01-01 03:17:00
198,1038,24.172400483266976,42.49035466780195,premium,Toronto,2025-01-01 03:18:00
199,1030,9.0607400858519,41.522536743634454,standard,Lima,2025-01-01 03:19:00
200,1001,26.454565186611593,51.43560975467905,pool,Nairobi,2025-01-01 03:20:00
201,1048,1.5452945203303694,34.12858988192221,standard,Berlin,2025-01-01 03:21:00
202,1020,2.6440981731685027,69.14392272311929,standard,Toronto,2025-01-01 03:22:00
203,1032,15.882075759132903,70.08237569201218,premium,Toronto,2025-01-01 03:23:00
204,1031,8.304256963819615,19.898750861207475,premium,Lima,2025-01-01 03:24:00
205,1002,10.016030203229185,6.146604773313548,standard,Lima,2025-01-01 03:25:00
206,1005,23.7063745257232,31.915085877128174,premium,Lima,2025-01-01 03:26:00
207,1006,18.72949730108107,55.02477389746832,premium,Seoul,2025-01-01 03:27:00
208,1048,21.73526634101644,31.03867579712819,pool,Seoul,2025-01-01 03:28:00
209,1031,7.248186469464308,37.20040734759106,premium,Seoul,2025-01-01 03:29:00
210,1040,22.214142740925674,27.59868338259792,premium,Nairobi,2025-01-01 03:30:00
211,1046,2.855043448805743,19.776992473545853,pool,Berlin,2025-01-01 03:31:00
212,1008,16.202521452242134,45.471902159663976,premium,Seoul,2025-01-01 03:32:00
213,1002,13.244091253544958,17.3307436829541,pool,Lima,2025-01-01 03:33:00
214,1024,3.1279660772488063,9.59163129644159,premium,Berlin,2025-01-01 03:34:00
215,1017,8.799198824332635,42.44246179280149,standard,Lima,2025-01-01 03:35:00
216,1027,9.060194652556364,65.99068986011542,standard,Toronto,2025-01-01 03:36:00
217,1025,8.524305346492486,26.06057222662822,standard,Lima,2025-01-01 03:37:00
218,1002,27.48050951693324,14.62172998966837,premium,Lima,2025-01-01 03:38:00
219,1034,16.616745713170644,40.866813422091354,standard,Seoul,2025-01-01 03:39:00
220,1043,10.898265454039842,14.888568159382306,premium,Toronto,2025-01-01 03:40:00
221,1002,19.722935981948158,52.56796101123753,premium,Berlin,2025-01-01 03:41:00
222,1011,2.0007553403645546,15.491367868028041,premium,Seoul,2025-01-01 03:42:00
223,1001,26.511980827779833,44.99333491591639,premium,Seoul,2025-01-01 03:43:00
224,1027,15.199845782306566,38.90238171109246,standard,Berlin,2025-01-01 03:44:00
225,1016,28.683738037584206,30.794807835965088,standard,Lima,2025-01-01 03:45:00
226,1018,7.066686969833578,37.29040888289773,pool,Nairobi,2025-01-01 03:46:00
227,1008,29.495343274823696,63.75535253198587,standard,Toronto,2025-01-01 03:47:00
228,1026,16.997129191315686,28.236120237870107,pool,Seoul,2025-01-01 03:48:00
229,1002,11.053976713039617,57.547750897998625,pool,Nairobi,2025-01-01 03:49:00
230,1017,29.38564723249735,66.11476690879287,standard,Lima,2025-01-01 03:50:00
231,1011,5.702483626180702,28.71549491419218,premium,Nairobi,2025-01-01 03:51:00
232,1020,3.2303057525305063,68.79361183981482,pool,Lima,2025-01-01 03:52:00
233,1004,7.231807358379322,57.91233874371735,pool,Toronto,2025-01-01 03:53:00
234,1046,10.009535787813567,8.218228548126417,premium,Seoul,2025-01-01 03:54:00
235,1012,4.933692273078851,44.23572311915725,pool,Toronto,2025-01-01 03:55:00
236,1005,8.257799207240456,64.52263127139878,premium,Seoul,2025-01-01 03:56:00
237,1005,15.8556426875755,42.31907732080311,pool,Toronto,2025-01-01 03:57:00
238,1008,5.733077381377439,5.403105038608854,standard,Nairobi,2025-01-01 03:58:00
239,1034,23.593860530241013,16.153346089505547,premium,Seoul,2025-01-01 03:59:00
240,1007,7.138541489368566,59.1618738999354,pool,Seoul,2025-01-01 04:00:00
241,1016,17.859574425723466,71.26645305253277,standard,Nairobi,2025-01-01 04:01:00
242,1010,25.041185217455475,15.264960542579548,standard,Berlin,2025-01-01 04:02:00
243,1025,6.580219452926788,73.5961711567613,standard,Nairobi,2025-01-01 04:03:00
244,1044,17.118128063892918,26.021048605765845,standard,Toronto,2025-01-01 04:04:00
245,1048,17.437342003744508,61.53855473668416,pool,Berlin,2025-01-01 04:05:00
246,1008,16.54091261717856,59.36066740287756,pool,Berlin,2025-01-01 04:06:00
247,1030,14.969128621471803,43.9179744404711,premium,Berlin,2025-01-01 04:07:00
248,1036,13.149743455380273,61.35626328402443,premium,Nairobi,2025-01-01 04:08:00
249,1016,20.00819136322703,36.42246905970128,standard,Lima,2025-01-01 04:09:00
250,1027,23.128250597786213,66.38355230098666,standard,Berlin,2025-01-01 04:10:00
251,1024,27.494758372236376,11.747666015888855,standard,Nairobi,2025-01-01 04:11:00
252,1029,27.348059337523384,11.131452699414364,pool,Toronto,2025-01-01 04:12:00
253,1035,23.787561234088606,73.47343702354497,premium,Nairobi,2025-01-01 04:13:00
254,1049,29.998023588519853,34.407110411514424,standard,Lima,2025-01-01 04:14:00
255,1004,10.514260122732196,5.2445742174317775,pool,Berlin,2025-01-01 04:15:00
256,1003,29.805050723898745,66.82424164630103,premium,Nairobi,2025-01-01 04:16:00
257,1022,15.599096543840481,51.584735730443846,pool,Seoul,2025-01-01 04:17:00
258,1029,26.64533909296124,15.964706229686605,pool,Nairobi,2025-01-01 04:18:00
259,1004,14.224639450410749,47.64493210380918,standard,Toronto,2025-01-01 04:19:00
260,1012,7.135954114819408,59.834836159994516,premium,Seoul,2025-01-01 04:20:00
261,1018,26.79524495774376,10.532838063319078,premium,Toronto,2025-01-01 04:21:00
262,1048,21.91268201875095,66.20555415288753,standard,Lima,2025-01-01 04:22:00
263,1011,18.177836942664367,34.83992151913732,standard,Seoul,2025-01-01 04:23:00
264,1020,25.44499096965746,14.342208416169788,premium,Seoul,2025-01-01 04:24:00
265,1008,7.115343500177546,34.29448368974214,standard,Berlin,2025-01-01 04:25:00
266,1040,11.860659432065884,68.15799782245264,standard,Berlin,2025-01-01 04:26:00
267,1008,12.507347219700728,35.35640603560018,premium,Lima,2025-01-01 04:27:00
268,1034,17.500443956112242,26.68002943038051,standard,Toronto,2025-01-01 04:28:00
269,1002,23.204990886831723,33.33055922013282,pool,Berlin,2025-01-01 04:29:00
270,1044,6.765568882616905,39.65933024515888,standard,Toronto,2025-01-01 04:30:00
271,1003,8.386814621316972,19.393442714212544,standard,Berlin,2025-01-01 04:31:00
272,1044,14.670776738992636,35.13575203270262,premium,Toronto,2025-01-01 04:32:00
273,1005,19.398247030757958,54.480271959607116,pool,Lima,2025-01-01 04:33:00
274,1011,24.532155908156806,7.647529041985353,standard,Toronto,2025-01-01 04:34:00
275,1025,9.913987389500054,41.360265264793554,premium,Seoul,2025-01-01 04:35:00
276,1033,17.180859669638874,7.33213381838258,pool,Lima,2025-01-01 04:36:00
277,1026,25.149644967200928,65.13962831738561,pool,Berlin,2025-01-01 04:37:00
278,1024,25.648925626121788,55.25223868502038,standard,Berlin,2025-01-01 04:38:00
279,1040,28.509382347254693,10.52536079706845,standard,Nairobi,2025-01-01 04:39:00
280,1036,23.683242173689887,18.48944555194562,pool,Seoul,2025-01-01 04:40:00
281,1026,24.34148099789165,20.608620401905224,premium,Seoul,2025-01-01 04:41:00
282,1022,3.6406724451732737,39.58778941538975,standard,Toronto,2025-01-01 04:42:00
283,1025,8.6450650336011,30.474933581029525,standard,Lima,2025-01-01 04:43:00
284,1003,13.212907685860355,46.81379457589388,pool,Toronto,2025-01-01 04:44:00
285,1048,22.55533677336021,44.16249948566476,premium,Nairobi,2025-01-01 04:45:00
286,1000,12.228310959449349,25.852721312834817,standard,Nairobi,2025-01-01 04:46:00
287,1023,27.44547928460941,21.563495828116924,pool,Toronto,2025-01-01 04:47:00
288,1034,22.85542859061538,7.596924367059828,standard,Berlin,2025-01-01 04:48:00
289,1015,4.010294900436737,40.42680126183442,pool,Berlin,2025-01-01 04:49:00
290,1045,8.497872475044375,20.753044772272425,pool,Nairobi,2025-01-01 04:50:00
291,1015,10.13512648138575,69.54064344838208,premium,Nairobi,2025-01-01 04:51:00
292,1014,9.594491972486079,19.97043602649869,standard,Seoul,2025-01-01 04:52:00
293,1008,11.402413608938273,17.381803900945847,premium,Berlin,2025-01-01 04:53:00
294,1042,29.106632119085035,44.51198700050905,premium,Toronto,2025-01-01 04:54:00
295,1007,8.742955206366013,61.97233772307004,premium,Seoul,2025-01-01 04:55:00
296,1011,6.860654499114153,42.740892962740794,premium,Toronto,2025-01-01 04:56:00
297,1002,24.069293179310964,66.88664288045834,pool,Nairobi,2025-01-01 04:57:00
298,1044,2.819269080520408,35.050754661806245,standard,Seoul,2025-01-01 04:58:00
299,1042,25.3906638417494,31.306193122840202,standard,Lima,2025-01-01 04:59:00
300,1021,29.987940474611207,10.157476647856917,standard,Seoul,2025-01-01 05:00:00
301,1006,7.749498040180306,31.40253752729831,standard,Toronto,2025-01-01 05:01:00
302,1038,28.273761554586308,6.551970920221625,pool,Nairobi,2025-01-01 05:02:00
303,1045,22.876221791777205,66.484755586318,pool,Nairobi,2025-01-01 05:03:00
304,1010,20.676948742868262,31.85102815041933,standard,Seoul,2025-01-01 05:04:00
305,1031,28.900880603207302,19.20675119998434,premium,Toronto,2025-01-01 05:05:00
306,1033,16.914352953702256,40.20583565140509,premium,Seoul,2025-01-01 05:06:00
307,1009,27.5093479027089,55.49356595126203,pool,Toronto,2025-01-01 05:07:00
308,1035,23.841143160706388,20.716621812240266,premium,Seoul,2025-01-01 05:08:00
309,1002,5.986750989484262,32.251478340849204,premium,Lima,2025-01-01 05:09:00
310,1043,14.114842015096666,8.281541142132118,standard,Berlin,2025-01-01 05:10:00
311,1018,6.634328184789508,62.742486018188586,premium,Toronto,2025-01-01 05:11:00
312,1043,2.156600284450661,19.297643881309305,pool,Toronto,2025-01-01 05:12:00
313,1045,24.507045559048958,38.936491242654995,pool,Nairobi,2025-01-01 05:13:00
314,1045,15.492865358140696,56.91785179935094,standard,Berlin,2025-01-01 05:14:00
315,1030,5.864136067649244,17.924109055434265,premium,Seoul,2025-01-01 05:15:00
316,1049,9.849370228257735,65.95096642346388,pool,Nairobi,2025-01-01 05:16:00
317,1033,4.7352562186037845,63.673785258985184,pool,Berlin,2025-01-01 05:17:00
318,1044,17.608250201515574,22.541780285529583,standard,Nairobi,2025-01-01 05:18:00
319,1049,29.56911712691702,51.84320154902606,premium,Berlin,2025-01-01 05:19:00
320,1018,27.288838154409575,48.25230257611266,standard,Seoul,2025-01-01 05:20:00
321,1042,5.410096809788752,49.28689119187554,standard,Nairobi,2025-01-01 05:21:00
322,1023,8.288881090311804,70.1145164163255,premium,Toronto,2025-01-01 05:22:00
323,1003,16.2582526068758,31.566522092763556,pool,Seoul,2025-01-01 05:23:00
324,1010,15.549933469938688,15.399667831139181,premium,Berlin,2025-01-01 05:24:00
325,1017,6.056260760807802,8.957147584543588,standard,Seoul,2025-01-01 05:25:00
326,1028,3.3025116108751917,13.300793580313696,premium,Seoul,2025-01-01 05:26:00
327,1000,21.21227114300468,40.7365479491028,standard,Nairobi,2025-01-01 05:27:00
328,1009,7.214521460209167,6.910840297793096,premium,Toronto,2025-01-01 05:28:00
329,1017,26.42664481845648,63.06246732801541,standard,Toronto,2025-01-01 05:29:00
330,1029,24.49184121726161,22.337424650030833,premium,Seoul,2025-01-01 05:30:00
331,1027,24.16105866066943,9.945403090371036,standard,Nairobi,2025-01-01 05:31:00
332,1028,4.050075769062028,12.483079362738259,pool,Nairobi,2025-01-01 05:32:00
333,1034,5.008136260121818,9.776403935972482,standard,Lima,2025-01-01 05:33:00
334,1038,15.88506686556188,28.85505624616664,pool,Seoul,2025-01-01 05:34:00
335,1021,26.500147909824026,12.0641408825331,premium,Berlin,2025-01-01 05:35:00
336,1048,1.4292508109343474,54.82646744537509,pool,Berlin,2025-01-01 05:36:00
337,1029,17.435984488426083,12.127678642261557,premium,Seoul,2025-01-01 05:37:00
338,1007,13.224418736007216,55.78300396401184,pool,Seoul,2025-01-01 05:38:00
339,1036,25.90703610888288,59.55087153506675,premium,Lima,2025-01-01 05:39:00
340,1025,25.736807327577417,50.342415169829145,pool,Nairobi,2025-01-01 05:40:00
341,1039,11.876396247109033,51.927147332655785,premium,Lima,2025-01-01 05:41:00
342,1009,26.542470987628278,48.68244640554296,premium,Lima,2025-01-01 05:42:00
343,1008,12.11369216298636,56.83480732375133,pool,Toronto,2025-01-01 05:43:00
344,1005,15.130073868554861,20.216142132834698,standard,Seoul,2025-01-01 05:44:00
345,1024,15.207527353479403,27.947120437658583,premium,Seoul,2025-01-01 05:45:00
346,1040,17.43445806963831,72.0781211522091,standard,Toronto,2025-01-01 05:46:00
347,1024,26.390159536794183,9.875406901980682,premium,Berlin,2025-01-01 05:47:00
348,1025,22.747366929344473,25.362471077874254,standard,Lima,2025-01-01 05:48:00
349,1048,23.874746403154454,6.614484045446874,pool,Toronto,2025-01-01 05:49:00
350,1046,26.05672234483138,16.51448355126255,pool,Toronto,2025-01-01 05:50:00
351,1034,6.616054458161434,25.001114404540274,premium,Nairobi,2025-01-01 05:51:00
352,1048,6.430476402839151,53.92019582415044,pool,Toronto,2025-01-01 05:52:00
353,1023,3.7721596980296934,19.576043794796092,pool,Seoul,2025-01-01 05:53:00
354,1039,14.627036218560319,59.47535573886207,pool,Toronto,2025-01-01 05:54:00
355,1007,24.08351120416961,10.563826637207612,pool,Lima,2025-01-01 05:55:00
356,1022,26.476469232046796,47.586037768508206,premium,Lima,2025-01-01 05:56:00
357,1042,18.8086025466064,65.26065498507359,standard,Nairobi,2025-01-01 05:57:00
358,1001,2.3380273398299414,63.96359440861024,pool,Lima,2025-01-01 05:58:00
359,1031,3.059042065007505,56.303861345338056,pool,Toronto,2025-01-01 05:59:00
360,1016,25.311346926871508,37.0855214964851,premium,Toronto,2025-01-01 06:00:00
361,1002,20.3443443921471,28.701480639528516,premium,Nairobi,2025-01-01 06:01:00
362,1004,12.810765995104589,67.8171546604695,standard,Seoul,2025-01-01 06:02:00
363,1031,26.270619356418454,61.55539173347599,pool,Berlin,2025-01-01 06:03:00
364,1006,13.303024626704568,15.626696915742764,standard,Nairobi,2025-01-01 06:04:00
365,1033,8.067089628796694,52.85383892135247,premium,Berlin,2025-01-01 06:05:00
366,1040,19.154775442482627,49.22229825811472,premium,Lima,2025-01-01 06:06:00
367,1008,17.726905314428805,46.504169980061604,standard,Berlin,2025-01-01 06:07:00
368,1009,25.233917435446187,33.819110775002855,pool,Seoul,2025-01-01 06:08:00
369,1043,22.043094208197456,42.92468844059894,premium,Toronto,2025-01-01 06:09:00
370,1013,2.0349503904613773,70.13309406587452,pool,Berlin,2025-01-01 06:10:00
371,1034,25.724628709696635,5.525274472285847,premium,Lima,2025-01-01 06:11:00
372,1026,25.320635995082842,67.93546177027025,standard,Berlin,2025-01-01 06:12:00
373,1008,10.442833104089217,38.38849345919473,standard,Berlin,2025-01-01 06:13:00
374,1041,8.753729976714478,60.50396563818906,premium,Seoul,2025-01-01 06:14:00
375,1001,13.410257819862126,28.94319721796224,standard,Lima,2025-01-01 06:15:00
376,1042,24.618593794773094,61.44530102051616,premium,Berlin,2025-01-01 06:16:00
377,1000,5.976616901141316,56.34578621710727,pool,Berlin,2025-01-01 06:17:00
378,1031,21.81785401008401,14.617056995684184,premium,Seoul,2025-01-01 06:18:00
379,1033,15.274482394243417,63.09118042811285,premium,Nairobi,2025-01-01 06:19:00
380,1032,29.802944224570986,50.85965569777594,premium,Toronto,2025-01-01 06:20:00
381,1026,7.618207647740465,54.485999161552954,pool,Toronto,2025-01-01 06:21:00
382,1024,17.860351804152984,40.301239613096214,pool,Berlin,2025-01-01 06:22:00
383,1029,8.434780854352535,13.765588667527913,premium,Nairobi,2025-01-01 06:23:00
384,1014,3.901073209191563,66.97456463063553,pool,Nairobi,2025-01-01 06:24:00
385,1022,6.068817814960354,36.295525410607794,pool,Berlin,2025-01-01 06:25:00
386,1033,26.275799784685923,45.998665775982204,premium,Lima,2025-01-01 06:26:00
387,1032,27.519394864173133,23.10489468240966,pool,Seoul,2025-01-01 06:27:00
388,1025,15.505312612263696,16.231458489206275,premium,Toronto,2025-01-01 06:28:00
389,1042,8.119791320313782,17.888831332565957,premium,Berlin,2025-01-01 06:29:00
390,1037,23.727840120075182,26.437574349785738,standard,Toronto,2025-01-01 06:30:00
391,1027,25.20287046392798,15.991469208204498,pool,Lima,2025-01-01 06:31:00
392,1021,14.075773122338633,6.067566147458452,pool,Nairobi,2025-01-01 06:32:00
393,1024,18.061643649655593,70.5035187885447,premium,Lima,2025-01-01 06:33:00
394,1048,14.04558669518709,42.66493796689308,pool,Berlin,2025-01-01 06:34:00
395,1004,8.435742653216284,25.90138430374489,pool,Berlin,2025-01-01 06:35:00
396,1036,1.5905162134236601,40.33814476345867,premium,Seoul,2025-01-01 06:36:00
397,1020,1.6398905271255833,6.536606427238926,pool,Lima,2025-01-01 06:37:00
398,1013,27.033603525563674,13.202312695834548,standard,Nairobi,2025-01-01 06:38:00
399,1032,4.397308331371568,66.62956699430939,standard,Toronto,2025-01-01 06:39:00
400,1022,2.477331959977813,18.09665476587508,standard,Lima,2025-01-01 06:40:00
401,1012,22.894671955868176,5.3098190839808845,premium,Toronto,2025-01-01 06:41:00
402,1023,12.976938002229566,30.170756575917444,pool,Berlin,2025-01-01 06:42:00
403,1006,10.568674643038383,69.49423762667145,pool,Nairobi,2025-01-01 06:43:00
404,1014,20.305186345842458,32.39357605368364,pool,Lima,2025-01-01 06:44:00
405,1046,17.34138530089859,39.26978933047131,pool,Berlin,2025-01-01 06:45:00
406,1038,15.633831077995358,36.30462084068873,standard,Seoul,2025-01-01 06:46:00
407,1011,15.647023831638059,43.254033824385445,pool,Berlin,2025-01-01 06:47:00
408,1012,29.19789573627823,65.15693026253965,standard,Toronto,2025-01-01 06:48:00
409,1009,22.413685537738683,13.093838434123128,pool,Toronto,2025-01-01 06:49:00
410,1022,25.36897612712844,30.336160054477624,premium,Berlin,2025-01-01 06:50:00
411,1009,1.0457461496172873,5.807413621167036,pool,Toronto,2025-01-01 06:51:00
412,1000,25.884456186515806,48.37925450295753,premium,Berlin,2025-01-01 06:52:00
413,1010,19.68292434721549,29.063522804351333,premium,Berlin,2025-01-01 06:53:00
414,1003,13.040294153381176,60.71806280793672,premium,Berlin,2025-01-01 06:54:00
415,1045,1.7404546865677852,73.03466286964274,premium,Lima,2025-01-01 06:55:00
416,1037,22.49370315091566,31.497135987031612,standard,Seoul,2025-01-01 06:56:00
417,1001,1.4468018845301254,57.626870689321414,pool,Berlin,2025-01-01 06:57:00
418,1023,12.60853771263177,27.088508812115517,premium,Toronto,2025-01-01 06:58:00
419,1016,4.450512000273479,11.41658594847701,standard,Nairobi,2025-01-01 06:59:00
420,1026,11.283552650539725,59.48036320578263,pool,Toronto,2025-01-01 07:00:00
421,1011,3.1014527148997666,19.129048968417123,premium,Toronto,2025-01-01 07:01:00
422,1026,3.94189985394876,71.63426769234378,pool,Toronto,2025-01-01 07:02:00
423,1019,6.432753753191531,65.16648480367964,standard,Seoul,2025-01-01 07:03:00
424,1015,20.75530063266165,54.85884212743786,premium,Lima,2025-01-01 07:04:00
425,1033,28.36232765750651,49.417170797992306,pool,Lima,2025-01-01 07:05:00
426,1049,21.734771026139555,30.953464164293024,standard,Toronto,2025-01-01 07:06:00
427,1047,26.501175818036867,59.28707623448884,standard,Seoul,2025-01-01 07:07:00
428,1023,6.73302898930321,39.05885438303251,standard,Seoul,2025-01-01 07:08:00
429,1023,16.855744260032512,18.7617943208237,premium,Lima,2025-01-01 07:09:00
430,1004,20.516673802974317,67.74367660211362,pool,Berlin,2025-01-01 07:10:00
431,1034,14.071387446733558,29.10971780436722,standard,Toronto,2025-01-01 07:11:00
432,1049,15.97284689985033,54.37896085322531,standard,Toronto,2025-01-01 07:12:00
433,1039,24.884530830814,51.840723877301784,standard,Toronto,2025-01-01 07:13:00
434,1032,8.171583479849804,33.69150069921969,standard,Lima,2025-01-01 07:14:00
435,1007,4.804979579663195,49.58672471461402,premium,Toronto,2025-01-01 07:15:00
436,1049,24.38721013247886,35.93629706505533,premium,Seoul,2025-01-01 07:16:00
437,1004,21.171001254548926,51.97356639343541,premium,Lima,2025-01-01 07:17:00
438,1004,16.73486893331043,15.593684980805815,premium,Berlin,2025-01-01 07:18:00
439,1042,13.332850845071404,71.46703296595321,premium,Toronto,2025-01-01 07:19:00
440,1014,16.76125599321536,28.286822795987547,premium,Seoul,2025-01-01 07:20:00
441,1042,22.28821671097071,41.20789835539171,standard,Nairobi,2025-01-01 07:21:00
442,1018,29.67937628393626,13.119034848251255,standard,Seoul,2025-01-01 07:22:00
443,1018,6.04079995721958,29.216325313880816,premium,Toronto,2025-01-01 07:23:00
444,1025,4.872023771350763,22.395794185392976,pool,Berlin,2025-01-01 07:24:00
445,1030,23.018229395987955,58.50018762362661,standard,Nairobi,2025-01-01 07:25:00
446,1032,11.825661144809049,44.58526147101001,premium,Berlin,2025-01-01 07:26:00
447,1018,24.909227133926,40.15858819413927,pool,Toronto,2025-01-01 07:27:00
448,1047,15.536119507619317,39.67142699297119,pool,Nairobi,2025-01-01 07:28:00
449,1018,17.82205305819343,15.677754942781842,standard,Toronto,2025-01-01 07:29:00
450,1018,18.001370892525372,69.76397915908998,premium,Lima,2025-01-01 07:30:00
451,1042,19.310946148985337,60.06385422415929,standard,Nairobi,2025-01-01 07:31:00
452,1022,23.19011372372464,24.202761778333162,pool,Nairobi,2025-01-01 07:32:00
453,1041,5.742074000890518,28.549048823641392,standard,Nairobi,2025-01-01 07:33:00
454,1023,14.585297205991903,66.17997145174607,premium,Seoul,2025-01-01 07:34:00
455,1046,18.063171308170396,29.44171689378222,premium,Nairobi,2025-01-01 07:35:00
456,1034,24.810826118508004,22.267404839853626,standard,Berlin,2025-01-01 07:36:00
457,1044,25.544492462735224,46.69642247639431,premium,Lima,2025-01-01 07:37:00
458,1018,25.21473242176325,52.49286811157524,premium,Toronto,2025-01-01 07:38:00
459,1043,24.90129659391956,63.50331817658238,standard,Nairobi,2025-01-01 07:39:00
460,1018,8.054704676832202,62.4683841344196,premium,Lima,2025-01-01 07:40:00
461,1030,17.77948708448198,33.90264933713981,premium,Berlin,2025-01-01 07:41:00
462,1049,6.764968004384247,27.532545857630225,standard,Toronto,2025-01-01 07:42:00
463,1031,24.450439494205177,64.22728668268005,standard,Lima,2025-01-01 07:43:00
464,1011,12.34157584748047,37.30234430668681,pool,Lima,2025-01-01 07:44:00
465,1035,11.906554598464224,61.883352983245885,pool,Toronto,2025-01-01 07:45:00
466,1005,14.661783568628,27.539181229309023,standard,Lima,2025-01-01 07:46:00
467,1048,12.750812822393423,13.621659739365061,pool,Nairobi,2025-01-01 07:47:00
468,1002,13.964773174632068,32.13384490828958,pool,Toronto,2025-01-01 07:48:00
469,1046,26.77406584717751,15.846504056783658,premium,Seoul,2025-01-01 07:49:00
470,1003,2.3833387272403614,14.038769692124118,premium,Toronto,2025-01-01 07:50:00
471,1012,23.258790818243142,28.30314519501438,pool,Lima,2025-01-01 07:51:00
472,1034,4.108205750270581,57.134528843167004,standard,Berlin,2025-01-01 07:52:00
473,1010,29.741526742010628,66.77042741657218,pool,Toronto,2025-01-01 07:53:00
474,1002,14.10813475754762,44.28107419481074,pool,Lima,2025-01-01 07:54:00
475,1002,3.231198893385244,18.723600929711605,pool,Seoul,2025-01-01 07:55:00
476,1048,16.97437482033694,49.010314386051284,standard,Nairobi,2025-01-01 07:56:00
477,1037,21.22920122463174,27.788297279033824,pool,Seoul,2025-01-01 07:57:00
478,1035,14.8836720714438,17.053222921697238,pool,Nairobi,2025-01-01 07:58:00
479,1008,4.088841930982686,61.590503122055715,standard,Toronto,2025-01-01 07:59:00
480,1038,27.135197249735814,23.377315168805264,pool,Nairobi,2025-01-01 08:00:00
481,1007,10.272418279475486,51.49643165773919,standard,Toronto,2025-01-01 08:01:00
482,1021,19.24096938014293,51.94964176277685,pool,Lima,2025-01-01 08:02:00
483,1043,10.78164913907085,73.91548368153762,standard,Berlin,2025-01-01 08:03:00
484,1047,12.708186219789821,30.02306629915488,pool,Toronto,2025-01-01 08:04:00
485,1043,7.290136276941162,43.27181550976409,pool,Berlin,2025-01-01 08:05:00
486,1011,28.82106904502732,48.37556106492968,premium,Nairobi,2025-01-01 08:06:00
487,1014,7.0751846053378475,31.344810343475746,pool,Berlin,2025-01-01 08:07:00
488,1020,2.3698971195757035,27.03207549069803,pool,Berlin,2025-01-01 08:08:00
489,1011,17.2136517905708,40.32470087940769,pool,Lima,2025-01-01 08:09:00
490,1011,23.34623554305817,29.531119214716774,premium,Berlin,2025-01-01 08:10:00
491,1017,10.72284840736027,46.80995768762165,pool,Seoul,2025-01-01 08:11:00
492,1015,11.556265401747698,73.13802562662032,premium,Nairobi,2025-01-01 08:12:00
493,1042,9.697576507120905,21.263360059494143,standard,Seoul,2025-01-01 08:13:00
494,1033,17.40751128806982,9.380531332176027,standard,Lima,2025-01-01 08:14:00
495,1019,18.3042427494497,23.538083114426986,premium,Nairobi,2025-01-01 08:15:00
496,1002,27.178599122413296,26.185698948652536,pool,Nairobi,2025-01-01 08:16:00
497,1034,18.224943227085845,14.860010179963055,premium,Toronto,2025-01-01 08:17:00
498,1047,26.833026269469112,6.5610141056216085,pool,Berlin,2025-01-01 08:18:00
499,1017,2.6470204821748786,62.57539675009055,premium,Toronto,2025-01-01 08:19:00
500,1042,12.233121862463866,68.72711855886254,premium,Seoul,2025-01-01 08:20:00
